{
	"type": "status_effect:harmful",
	"color": {
		"red": 0.38823529411,
		"green": 0.24705882352,
		"blue": 0.27843137254
	}
}